,annot,query,SP6_start,SP6_end,SP6_score,seq
0,AT1G47485.1 (CEP1),AT1G47485.1,1,28,0.9998907,MGMSNRSVSTSIFFLALVVLHGIQDTEERHLKTTSLEIEGIYKKTEAEHPSIVVTYTRRGVLQKEVIAHPTDFRPTNPGNSPGVGHSNGRH
1,AT1G59835.1 (CEP2),AT1G59835.1,1,27,0.9995291,MKLFIITVVTILTISRVFDKTPATTEARKSKKMVGHEHFNEYLDPTFAGHTFGVVKEDFLEVKKLKKIGDENNLKNRFINEFAPTNPEDSLGIGHPRVLNNKFTNDFAPTNPGDSPGIRHPGVVNV
2,AT2G23440.1 (CEP3),AT2G23440.1,1,24,0.9997942,MATINVYVFAFIFLLTISVGSIEGRKLTKFTVTTSEEIRAGGSVLSSSPPTEPLESPPSHGVDTFRPTEPGHSPGIGHSVHN
3,AT2G35612.1 (CEP4),AT2G35612.1,1,30,0.99983764,MVSRGCSITVLFRFLIVLLVIQVHFENTKAARHAPVVSWSPPEPPKDDFVWYHKINRFKNIEQDAFRPTHQGPSQGIGHKNPPGAP
4,AT5G66815.1 (CEP5),AT5G66815.1,1,30,0.99983984,MESFMGQKKTLYACYFLMLVFFLGFNCVHGRTLKVDDKINGGHYDSKTMMALAKHNDMMVDDKAMQFSPPPPPPPPSQSGGKDAEDFRPTTPGHSPGIGHSLSHN
5,AT5G66815.1 (CEP6),AT5G66815.1,1,30,0.99983984,MKLSVYIILSILFISTVFYEIQFTEARQLRKTDDQDHDDHHFTVGYTDDFGPTSPGNSPGIGHKMKENEENAGGYKDDFEPTTPGHSPGVGHAVKNNEPNA
6,AT3G50610.2 (CEP9),AT3G50610.2,1,26,0.9998297,MKLLSITLTSIVISMVFYQTPITTEARSLRKTNDQDHFKAGFTDDFVPTSPGNSPGVGHKKGNVNVEGFQDDFKPTEGRKLLKTNVQDHFKTGSTDDFAPTSPGHSPGVGHKKGNVNVESSEDDFKHKEGRKLQQTNGQNHFKTGSTDDFAPTSPGNSPGIGHKKGHANVKGFKDDFAPTEEIRLQKMNGQDHFKTGSTDDFAPTTPGNSPGMGHKKGDDFKPTTPGHSPGVGHAVKNDEPKA
7,AT1G16950.1 (CEP13),AT1G16950.1,1,27,0.99982435,MARPRISISMICLLILIVGFVLQSSQARKVLVPYGTSKGLFLSALPKGNVPPSGPSDKGHTSPPDDTDQRMVPENSPEIYRRLESVPSPGVGH
8,AT1G29290.1 (CEP14),AT1G29290.1,1,28,0.9998285,MAVRLIPTIWLFIVFAVIVSALPSLVSSRKLLEVKKQENLTVREEEKSHMPHVTKTSTLSALPKGKIPNSTPSKKGHAAVFAGKLRSRHLSTVDRYLRSVPSPGVGH
9,AT2G40530.1 (CEP14),AT2G40530.1,1,27,0.999833,MDATKIKFDVILLSFLLIISGIPSNLGLSTSVRGTTRSEPEAFHGGKFPAMKMRKLMAPNMEVDYSSDYYDGGSSSSTTSPSPPVPDYDDIYRRQGDVPSPGIGH
10,AT1G73165.1 (CLE1),AT1G73165.1,1,22,0.99983,MANLKFLLCLFLICVSLSRSSASRPMFPNADGIKRGRMMIEAEEVLKASMEKLMERGFNESMRLSPGGPDPRHH
11,AT4G18510.1 (CLE2),AT4G18510.1,1,22,0.9998055,MAKLSFTFCFLLFLLLSSIAAGSRPLEGARVGVKVRGLSPSIEATSPTVEDDQAAGSHGKSPERLSPGGPDPQHH
12,AT1G06225.1 (CLE3),AT1G06225.1,1,24,0.99985003,MASLKLWVCLVLLLVLELTSVHECRPLVAEERFSGSSRLKKIRRELFERLKEMKGRSEGEETILGNTLDSKRLSPGGPDPRHH
13,AT2G31081.1 (CLE4),AT2G31081.1,1,22,0.9998341,MASFKLWVCLILLLLEFSVHQCRPLVAEESPSDSGNIRKIMRELLKRSEELKVRSKDGQTVLGTLDSKRLSPGGPDPRHH
14,AT2G31083.2 (CLE5),AT2G31083.2,1,59,0.6509992,MHTKPSYSLNIISFCISLSTPTPPNSPLISSSIMATLILKQTLIILLIIFSLQTLSSQARILRSYRAVSMGNMDSQVLLHELGFDLSKFKGHNERRFLVSSDRVSPGGPDPQHH
15,AT2G31085.1 (CLE6),AT2G31085.1,1,26,0.9998726,MANLILKQSLIILLIIYSTPILSSQARILRTYRPTTMGDMDSQVLLRELGIDLSKFKGQDERRFLVDSERVSPGGPDPQHH
16,AT2G31082.1 (CLE7),AT2G31082.1,1,22,0.9998099,MASKALLLFVMLTFLLVIEMEGRILRVNSKTKDGESNDLLKRLGYNVSELKRIGRELSVQNEVDRFSPGGPDPQHHSYPLSSKPRI
17,AT1G67775.1 (CLE8),AT1G67775.1,1,24,0.99980605,MKVLKRDSMLLLITLYFLLTTSMARQDPFLVGVEKDVVPAGTDLKQNKAKPHLPNLFRTMRRVPTGPNPLHHISPPQPGSLNYARN
18,AT1G26600.2 (CLE9),AT1G26600.2,0,0,0,MCFFCVAFISQFASTKYLPSLDFKLLLLQDHFSLSLSRSLLETKTMTMTHLNRLILISLLFVSLLLKSSTASSTVVDEGNRTSRNFRYRTHRFVPRFNHHPYHVTPHRSCDSFIRPYARSMCIELQRIHRSSRKQPLLSPPPPEIDPRYGVDKRLVPSGPNPLHN
19,AT4G18510.1 (CLE10),AT4G18510.1,1,22,0.9998055,MKTNRNRPINILIVFFLLTTARAATRNWTNRTHRTVPKVQHAYYAYPHRSCESFSRPYARSMCIELERIHRSSRQPLFSPPPPPTEIDQRYGVEKRLVPSGPNPLHN
20,AAT1G49005.1 (CLE11),AAT1G49005.1,0,0,0,MTKQPKPCSFLFHISLLSALFVFLLISFAFTTSYKLKSGINSLGHKRILASNFDFTPFLKNKDRTQRQRQSPSLTVKENGFWYNDEERVVPSGPNPLHH
21,AT1G68795.1 (CLE12),AT1G68795.1,0,0,0,MLRISSSSSMALKFSQILFIVLWLSLFFLLLHHLYSLNFRRLYSLNAVEPSLLKQHYRSYRLVSRKVLSDRFDFTPFHSRDNSRHNHRSGEQYDGDEIDPRYGVEKRRVPSGPNPLHH
22,AT1G73965.1 (CLE13),AT1G73965.1,0,0,0,MATTRVSHVLGFLLWISLLIFVSIGLFGNFSSKPINPFPSPVITLPALYYRPGRRALAVKTFDFTPFLKDLRRSNHRKALPAGGSEIDPRYGVEKRLVPSGPNPLHH
23,AT1G63245.1 (CLE14),AT1G63245.1,1,26,0.9998536,MKVWSQRLSFLIVMIFILAGLHSSSAGRKLPSMTTTEEFQRLSFDGKRILSEVTADKKYDRIYGASARLVPKGPNPLHNK
24,AT2G01505.1 (CLE16),AT2G01505.1,0,0,0,MEACSRKRRRRRAYTTSTTGYAAVFFCGIFVFAQFGISSSALFAPDHYPSLPRKAGHFHEMASFQAPKATVSFTGQRREEENRDEVYKDDKRLVHTGPNPLHN
25,AT1G70895.1 (CLE17),AT1G70895.1,0,0,0,MTHVLVRRQGQGKKRRWDVNMTMCFFLFFFVFYVSFQIVLSSSASVGYSRLHLVASPPPPPPRKALRYSTAPFRGPLSRDDIYGDDKRVVHTGPNPLHN
26,AT1G66145.1 (CLE18),AT1G66145.1,1,25,0.99983037,MHLLKGGVVLIITLILFLITSSIVAIREDPSLIGVDRQIPTGPDPLHNPPQPSPKHHHWIGVEENNIDRSWNYVDYESHHAHSPIHNSPEPAPLYRHLIGV
27,AT3G24225.1 (CLE19),AT3G24225.1,1,24,0.99980575,MKIKGLMILASSLLILAFIHQSESASMRSLLMNNGSYEEEEQVLKYDSMGTIANSSALDSKRVIPTGPNPLHNR
28,AT1G05065.1 (CLE20),AT1G05065.1,1,29,0.9998757,MKNKNMNPSRPRLLCLIVFLFLVIVLSKASRIHVERRRFSSKPSGENREFLPSQPTFPVVDAGEILPDKRKVKTGSNPLHNKR
29,AT5G64800.1 (CLE21),AT5G64800.1,1,36,0.99882555,MLILSSRYAMKRDVLIIVIFTVLVLIIISRSSSIQAGRFMTTGRNRNLSVARSLYYKNHHKVVITEMSNFNKVRRRSSRFRRKTDGDEEEEEKRSIPTGPNPLHNK
30,AT5G12235.1 (CLE22),AT5G12235.1,0,0,0,MGNYYSRRKSRKHITTVALIILLLLLFLFLYAKASSSSPNIHHHSTHGSLKKSGNLDPKLHDLDSNAASSRGSKYTNYEGGGEDVFEDGKRRVFTGPNPLHNR
31,AT3G28455.1 (CLE25),AT3G28455.1,1,30,0.99916583,MGGNGIRALVGVIASLGLIVFLLVGILANSAPSVPSSENVKTLRFSGKDVNLFHVSKRKVPNGPDPIHNRKAETSRRPPRV
32,AT1G69970.1 (CLE26),AT1G69970.1,0,0,0,MRNNHSLRLQLWFRTLFTVGVVTLLMIDAFVLQNNKEDDKTKEITTAVNMNNSDAKEIQQELEDGSRNDDLSYVASKRKVPRGPDPIHNRFLLLSRFILSLLTNPYPYLHICVLDVSV
33,AT3G25905.1 (CLE27),AT3G25905.1,0,0,0,MTHAREWRSSLTTTLLMVILLSYMLHLFCVYSRVGAIRIFPETPASGKRQEEDLMKKYFGAGKFPPVDSFVGKGISESKRIVPSCPDPLHN
34,AT5G12990.1 (CLE40),AT5G12990.1,1,27,0.9998191,MAAMKYKGSVFIILVILLLSSSLLAHSSSTKSFFWLGETQDTKAMKKEKKIDGGTANEVEERQVPTGSDPLHHKHIPFTP
35,AT3G24770.1 (CLE41),AT3G24770.1,0,0,0,MATSNDQTNTKSSHSRTLLLLFIFLSLLLFSSLTIPMTRHQSTSMVAPFKRVLLESSVPASSTMDLRPKASTRRSRTSRRREFGNDAHEVPSGPNPISN
36,AT2G34925.1 (CLE42),AT2G34925.1,1,24,0.8463651,MRSPHITISLVFLFFLFLIIQTHQRTIDQTHQIGSNVQHVSDMAVTSPEGKRRERFRVRRPMTTWLKGKMIGANEHGVPSGPNPISNR
37,AT1G25425.1 (CLE43),AT1G25425.1,0,0,0,MGCRDILLTFSVALLLISLFQIWLFREGRQVPELSDDQLGKDRNTLMTSKNKNKNEDVQRLFQRYFKGRSFGLNNTNSRFEDSNRRIPSSPDRLHN
38,AT4G13195.1 (CLE44),AT4G13195.1,0,0,0,MATTIDQTSIKSLHFHQVIRLIITIIFLAFLFLIGPTSSMNHHLHESSSKNTMAPSKRFLLQPSTPSSSTMKMRPTAHPRRSGTSSSSARKRRREFRAEAHEVPSGPNPISN
39,AT1G69588.1 (CLE45),AT1G69588.1,1,28,0.9998106,MLGSSTRSMFFLLVCIGLLADNRYNVSAMRHREFFLKETQAEKAGVQTEEISKLRSIGVQFKHTLEDQEMLNKNRRVLEEVNKDKIKAEETQERKNKTEDSFKSSKRRVRRGSDPIHNKAQPFS
40,AT5G59305.1 (CLE46),AT5G59305.1,1,26,0.99980295,MRRHDIIIKLLLLMCLLLSRFVTRECQEVHFKIGPAKIIAKPNNARVMPTWGEEKKWHKHPSGPNPTGNRHPPVKH
41,AT2G27250.3 (CLV3),AT2G27250.3,1,23,0.71496576,MDSKSFLLLLLLFCFLFLHDASDLTQAHAHVQGLSNRKMMMMKMESEWVGANGEAEKAKTKGLGLHEELRTVPSGPDPLHHHVNPPRQPRNNFQLP
42,AT1G68765.1 (IDA),AT1G68765.1,1,26,0.9998397,MAPCRTMMVLLCFVLFLAASSSCVAAARIGATMEMKKNIKRLTFKNSHIFGYLPKGVPIPPSAPSKRHNSFVNSLPH
43,AT3G25655.1 (IDL1),AT3G25655.1,1,27,0.9998674,MNLSHKTMFMTLYIVFLLIFGSYNATARIGPIKLSETEIVQTRSRQEIIGGFTFKGRVFHSFSKRVLVPPSGPSMRHNSVVNNLKH
44,AT5G64667.1 (IDL2),AT5G64667.1,1,36,0.922921,MSSRNQRSRITSSFFVSFFTRTILLLLILLLGFCNGARTNTNVFNSKPHKKHNDAVSSSTKQFLGFLPRHFPVPASGPSRKHNDIGLLSWHRSSP
45,AT5G09805.1 (IDL3),AT5G09805.1,1,32,0.9997922,MSSRSHRSRKYQLTRTIPILVLLLVLLSCCNGARTTNVFNTSSPPKQKDVVSPPHDHVHHQVQDHKSVQFLGSLPRQFPVPTSGPSRKHNEIGLSSTKT
46,AT3G18715.1 (IDL4),AT3G18715.1,1,36,0.9998198,MYPTRPHYWRRRLSINRPQAFLLLILCLFFIHHCDASRFSSSSVFYRNPNYDHSNNTVRRGHFLGFLPRHLPVPASAPSRKHNDIGIQALLSP
47,AT1G76952.1 (IDL5),AT1G76952.1,1,27,0.9998297,MGNKRIKAMMILVVMIMMVFSWRICEADSLRRYSSSSRPQRFFKVRRPNPRNHHHQNQGFNGDDYPPESFSGFLPKTLPIPHSAPSRKHNVYGLQRINYCSH
48,AT1G13590.1 (PSK1),AT1G13590.1,1,24,0.99983007,MMKTKSEVLIFFFTLVLLLSMASSVILREDGFAPPKPSPTTHEKASTKGDRDGVECKNSDSEEECLVKKTVAAHTDYIYTQDLNLSP
49,AT2G22860.1 (PSK2),AT2G22860.1,1,22,0.9998324,MANVSALLTIALLLCSTLMCTARPEPAISISITTAADPCNMEKKIEGKLDDMHMVDENCGADDEDCLMRRTLVAHTDYIYTQKKKHP
50,AT3G44735.1 (PSK3),AT3G44735.1,1,20,0.99983853,MKQSLCLAVLFLILSTSSSAIRRGKEDQEINPLVSATSVEEDSVNKLMGMEYCGEGDEECLRRRMMTESHLDYIYTQHHKH
51,AT3G49780.1 (PSK4),AT3G49780.1,1,21,0.9998001,MGKFTTIFIMALLLCSTLTYAARLTPTTTTALSRENSVKEIEGDKVEEESCNGIGEEECLIRRSLVLHTDYIYTQNHKP
52,AT5G65870.1 (PSK5),AT5G65870.1,1,24,0.99982274,MVKFTTFLCIIALLLCSTLTHASARLNPTSVYPEENSFKKLEQGEVICEGVGEEECFLIRRTLVAHTDYIYTQNHNP
53,AT4G37720.1 (PSK6),AT4G37720.1,1,23,0.99983895,MANLSTLITIALLLCATMLTCSARPEPAYFASFTTSPADTLSLEMIESKLHEVAGESCDKEDDEDCLVRRTLTAHLDYIYTHKNNHH
54,AT5G58650.1 (PSY1),AT5G58650.1,1,22,0.9998245,MTFVVRLLVCLLLTLTITSSLARNPVSVSGGFENSGFQRSLLMVNVEDYGDPSANPKHDPGVPPSATGQRVVGRG
55,AT3G47295.1 (PSY2),AT3G47295.1,1,21,0.99985695,MSFGTRLLLFLILTLPLVTSSSPNTLHVSGIVKTGTTSRFLMMTIEDYDDPSANTRHDPSVPTNAKADTTP
56,AT2G29995.1 (PSY3),AT2G29995.1,1,25,0.999823,MGYSSSSRIGLCLFLFFTFALLSSARISLSFSENEMTVVPERSLMVSTNDYSDPTANGRHDPPRGGRGRRR
57,AT1G07175.1 (PSY4),AT1G07175.1,1,23,0.99981666,MVFCYAIRLCLCIFLALSIVSSARLTFSFSENEKMMVRGRSLMVSTNDYGEPSANAKHNPPGRRRGGGRRGKNKNPNNKGDNRNRST
58,AT5G53486.4 (PSY5),AT5G53486.4,1,23,0.83321524,MPLRIEPLSLLFLILIICSSSLGMTINLASQHIHLSPRSAFAIVEGSIQLDGAKMHESSMLYKSEEVGVKKMGHRKLMFHSTADYDDAGPNPKHDPRRRPGGKG
59,AT1G74458.1 (PSY6),AT1G74458.1,1,31,0.99981505,MARRQLFYHRMFLVLALLYLMISWKPLLITARPEKSTDFETKGQELNRQISHLGRIENDPERRKGTRRMMTVEDINDYPGSGANNRHTPHCSDC
60,AT3G49305.1 (PSY7),AT3G49305.1,1,22,0.99984765,MLSKMKLVVLMSFLLLLPLCSSGFGEGHGVTHTNQYSLNNLEESIPTIMDYPEPGPNPIHDPTKPGYGRPPPPPPKMN
61,AT3G47510.1 (PSY8),AT3G47510.1,1,27,0.9998391,MANKALIHLLVIFFLALSHIFFFPSHASRLGSLMEKPKIVRPQQDTLMDVKKEVEERMVMELNDYPGSGANNRHLPRQRGCVVDC
62,AT3G49300.1 (PSY9),AT3G49300.1,1,23,0.9998518,MLSKIKPVVLMSFLLLFPLCSSGFREGHGVTHTDQNSLNKVEESIPTIMDYPEPGPDPKHDPTKPGYGFPPPPPPPLSPPPPPKMN
63,AT5G60810.1 (RGF1),AT5G60810.1,1,20,0.99982053,MVSIRVICYLLVFSVLQVHAKVSNANFNSQAPQMKNSEGLGASNGTQIAKKHAEDVIENRKTLKHVNVKVEANEKNGLEIESKEMVKKRKNKKRLTKTESLTADYSNPGHHPPRHN
64,AT1G13620.1 (RGF2),AT1G13620.1,1,24,0.9997767,MTNITSSFLCLLILLLFCLSFGYSLHGDKDEVLSVDVGSNAKVMKHLDGDDAMKKAQVRGRSGQEFSKETTKMMMKKTTKKETNVEEEDDLVAYTADYWKPRHHPPKNN
65,AT2G04025.1 (RGF3),AT2G04025.1,1,23,0.8228549,MTTLSKILCVLIILLLCFSFRYSLHEDGNQQSSRDFVSTAKAIKYGDVMKKMIRGRKLMMASGEKEEAETKMKRGNRETERNSSKSVEEDGLVAYTADYWRAKHHPPKNN
66,AT3G30350.1 (RGF4),AT3G30350.1,1,19,0.99982756,MMRFTIIVIAFLLIIQSLEEEHILVYAHEGGEAGHKSLDYQGDQDSSTLHPKELFDAPRKVRFGRTTRAEKEQVTAMNNDSWSFKISGEHKQTNILADHDTTKNTFCKKMMIIVNDLTSLPTLEPSTSTNDMEKLARLLRDDYPIYSKPRRKPPVNNRAPDKF
67,AT5G51451.1 (RGF5),AT5G51451.1,1,22,0.9998246,MSSIHVASMILLLFLFLHHSDSRHLDNVHITASRFSLVKDQNVVSSSTSKEPVKVSRFVPGPLKHHHRRPPLLFADYPKPSTRPPRHN
68,AT4G16515.2 (RGF6),AT4G16515.2,0,0,0,MLVLLSLLSSAYKYSPSLFSSLTPINNISNFLCPALVSSPCIQTQHIYTSISRTRRRIREVMSCSLRSGLVIVFCFILLLLSSNVGCASAARRLRSHKHHHHKVASLDVFNGGERRRALGGVETGEEVVVMDYPQPHRKPPIHNEKS
69,AT3G02240.1 (RGF7),AT3G02240.1,0,0,0,MEMKKWSYANLITLALLFLFFIILLLAFQGGSRDDDHQHVHVAIRTKDISMGRKLKSLKPINPTKKNGFEYPDQGSHDVQEREVYVELRDYGQRKYKPPVHN
70,AT2G03830.1 (RGF8),AT2G03830.1,1,24,0.9998485,MKLIRVTLFLCALAILLLVTPTSSLQLKHPYSSPSQGLSKKIVTKMATRKLMIISSEYVMTSTSHEGSSEQLRVTSSGKSKDEEKKLSEEEEEKKALAKYLSMDYRTFRRRRPVHNKALPLDP
71,AT5G64770.1 (RGF9),AT5G64770.1,1,26,0.99982995,MAIRVSHKSFLVALLLILFISSPTQARSLREVVRNRTLLVVEKSQESRKIRHEGGGSDVDGLMDMDYNSANKKRPIHNR
72,AT3G60650.1 (RGF10),AT3G60650.1,1,27,0.9997855,MDMLRSACFYFLLIVFVILSWSLLCDSRHLGHMEKKLSVNLDLLNKDNEEITKLEAPSTNKTNTLLSQSHAVVNHGDNGQINGKKTKEIHRVKRASDKKVSSKRVSRTWKIPKYPKKQPKSDQEHPGFNLDYMQPTTHPPHHN
73,AT2G16385.1 (CIF1),AT2G16385.1,1,28,0.92219555,MGMSPLTVKKLGFIFMIVSASALSVSFAGRPSIFVHKKINLREEMVERSMHEHERLLRMNTKDYGNNSPSPRLERPPFKLIPN
74,AT4G34600.1 (CIF2),AT4G34600.1,1,24,0.9989504,MGLLPLVKKLGFIIFLLVSASAFALCSAGRSSILIYSQEDDHPEVVERRIHEHERILRMNSRDYGHSSPKPKLVRPPFKLIPN
